{
  "field_stats": {
    "scenario": {
      "hh_kappa": 0.44142030816115807,
      "qh_kappa": 0.4205337225634106,
      "hh_pct": 0.6482412060301508,
      "qh_pct": 0.6433063791554358,
      "hh_n": 796,
      "qh_n": 1113
    },
    "verb": {
      "hh_kappa": 0.6172966673949912,
      "qh_kappa": 0.2646638054363376,
      "hh_pct": 0.6945244956772334,
      "qh_pct": 0.4050925925925926,
      "hh_n": 347,
      "qh_n": 432
    },
    "additional_condition": {
      "hh_kappa": 0.28346161066266196,
      "qh_kappa": 0.2802939975500204,
      "hh_pct": 0.7146974063400576,
      "qh_pct": 0.7638888888888888,
      "hh_n": 347,
      "qh_n": 432
    },
    "flavor_profile": {
      "hh_kappa": 0.5164338397743109,
      "qh_kappa": 0.2558006547627557,
      "hh_pct": 0.6455331412103746,
      "qh_pct": 0.44212962962962965,
      "hh_n": 347,
      "qh_n": 432
    },
    "noun": {
      "hh_kappa": 0.546800568117545,
      "qh_kappa": 0.47754849679264244,
      "hh_pct": 0.6072607260726073,
      "qh_pct": 0.5775,
      "hh_n": 303,
      "qh_n": 400
    }
  },
  "consensus_accuracy": {
    "scenario": {
      "acc": 0.7275449101796407,
      "n": 334
    },
    "verb": {
      "acc": 0.3741935483870968,
      "n": 155
    },
    "additional_condition": {
      "acc": 0.7115384615384616,
      "n": 156
    },
    "flavor_profile": {
      "acc": 0.4,
      "n": 150
    },
    "noun": {
      "acc": 0.6229508196721312,
      "n": 122
    }
  },
  "difficulty": {
    "unanimous (3/3)": {
      "acc": 0.8461538461538461,
      "n": 91
    },
    "majority (2/3)": {
      "acc": 0.425531914893617,
      "n": 94
    },
    "2 raters agree": {
      "acc": 0.7951807228915663,
      "n": 166
    },
    "2 raters split": {
      "acc": 0.7466666666666667,
      "n": 75
    }
  },
  "noun_cosine": {
    "hh_mean": 0.8202339780606059,
    "qh_mean": 0.8003222958743572
  }
}