{
  "self_agreement": {
    "scenario": 0.8811881188118812,
    "verb": 0.9117647058823529,
    "additional_condition": 0.9044117647058824,
    "flavor_profile": 0.9338235294117647,
    "noun": 0.875
  },
  "fewshot_curve": {
    "scenario": [
      0.6732673267326733,
      0.6039603960396039,
      0.6831683168316832
    ],
    "verb": [
      0.3333333333333333,
      0.3541666666666667,
      0.3541666666666667
    ],
    "additional_condition": [
      0.7083333333333334,
      0.75,
      0.75
    ],
    "flavor_profile": [
      0.3541666666666667,
      0.4583333333333333,
      0.4375
    ],
    "noun": [
      0.717391304347826,
      0.7608695652173914,
      0.7391304347826086
    ]
  },
  "fewshot_agency": {
    "self": [
      0.5483870967741935,
      0.6774193548387096,
      0.7096774193548387
    ],
    "other": [
      0.0,
      0.0,
      0.0
    ]
  }
}